{
  "project_info": {
    "project_number": "663655734368",
    "firebase_url": "https://see-real.firebaseio.com",
    "project_id": "see-real",
    "storage_bucket": "see-real.appspot.com"
  },
  "client": [
    {
      "client_info": {
        "mobilesdk_app_id": "1:663655734368:android:32721b0d55c468ce",
        "android_client_info": {
          "package_name": "example.com.seereal"
        }
      },
      "oauth_client": [
        {
          "client_id": "663655734368-frf2j1qgbo29a1jmsh7rb0e47db3oijc.apps.googleusercontent.com",
          "client_type": 1,
          "android_info": {
            "package_name": "example.com.seereal",
            "certificate_hash": "cedf1bb8698be1ce83ff1a82b50aec17b54dcea2"
          }
        },
        {
          "client_id": "663655734368-top012iat3e8dt05oljppbdbp5rrskd9.apps.googleusercontent.com",
          "client_type": 1,
          "android_info": {
            "package_name": "example.com.seereal",
            "certificate_hash": "5c9cd0c240472691665daa8053aada41c1e493b6"
          }
        },
        {
          "client_id": "663655734368-tf72j81mccgac0vb3qqscfmj1pjb30dr.apps.googleusercontent.com",
          "client_type": 3
        }
      ],
      "api_key": [
        {
          "current_key": "AIzaSyDaPdNOfrHfVk-ukbg_3dPlGOcDP3LYWI4"
        }
      ],
      "services": {
        "analytics_service": {
          "status": 1
        },
        "appinvite_service": {
          "status": 2,
          "other_platform_oauth_client": [
            {
              "client_id": "663655734368-tf72j81mccgac0vb3qqscfmj1pjb30dr.apps.googleusercontent.com",
              "client_type": 3
            }
          ]
        },
        "ads_service": {
          "status": 2
        }
      }
    }
  ],
  "configuration_version": "1"
}